-- ==========================
-- HOSPITAL 테이블 더미 데이터
-- ==========================
INSERT INTO hospital (tenant_id, hospital_name)
VALUES
    ('SEO25NE01', '강북삼성병원'),
    ('SEO25W102', '건국대학교병원'),
    ('SEO25ZG03', '경희대학교병원'),
    ('SEO25NY04', '고려대 구로병원'),
    ('SEO259W05', '삼성서울병원'),
    ('SEO25KG06', '서울대학교병원'),
    ('SEO25D107', '연세대 신촌세브란스'),
    ('SEO25JM08', '이화여대 목동병원'),
    ('SEO25LH09', '서울아산병원'),
    ('SEO25HG10', '중앙대학교병원');
-- ==========================
-- BUILDING 테이블 더미 데이터
-- ==========================
INSERT INTO building (tenant_id, building_name, building_code) VALUES
    -- 강북삼성병원 (3개)
    ('SEO25NE01', '강북삼성병원 본관동', 'A'),
    ('SEO25NE01', '강북삼성병원 암센터', 'B'),
    ('SEO25NE01', '강북삼성병원 건강검진센터', 'C'),

    -- 건국대학교병원 (3개)
    ('SEO25W102', '건국대학교병원 본관동', 'D'),
    ('SEO25W102', '건국대학교병원 외래동', 'E'),
    ('SEO25W102', '건국대학교병원 검진센터', 'F'),

    -- 경희대학교병원 (3개)
    ('SEO25ZG03', '경희대학교병원 본관동', 'G'),
    ('SEO25ZG03', '경희대학교병원 심장센터', 'H'),
    ('SEO25ZG03', '경희대학교병원 영상의학센터', 'I'),

    -- 고려대 구로병원 (2개)
    ('SEO25NY04', '고려대 구로병원 본관동', 'J'),
    ('SEO25NY04', '고려대 구로병원 암센터', 'K'),

    -- 삼성서울병원 (3개)
    ('SEO259W05', '삼성서울병원 본관동', 'L'),
    ('SEO259W05', '삼성서울병원 암센터', 'M'),
    ('SEO259W05', '삼성서울병원 건강검진센터', 'N'),

    -- 서울대학교병원 (2개)
    ('SEO25KG06', '서울대학교병원 본관동', 'O'),
    ('SEO25KG06', '서울대학교병원 연구동', 'P'),

    -- 연세대 신촌세브란스 (2개)
    ('SEO25D107', '연세대 신촌세브란스 본관동', 'Q'),
    ('SEO25D107', '연세대 신촌세브란스 입원동', 'R'),

    -- 이화여대 목동병원 (2개)
    ('SEO25JM08', '이화여대 목동병원 본관동', 'S'),
    ('SEO25JM08', '이화여대 목동병원 통합센터', 'T'),

    -- 서울아산병원 (3개)
    ('SEO25LH09', '서울아산병원 본관동', 'U'),
    ('SEO25LH09', '서울아산병원 내시경센터', 'V'),
    ('SEO25LH09', '서울아산병원 진단검사의학센터', 'W'),

    -- 중앙대학교병원 (2개)
    ('SEO25HG10', '중앙대학교병원 본관동', 'X'),
    ('SEO25HG10', '중앙대학교병원 통합병동', 'Y');

-- ==========================
-- DEPARTMENT 테이블 더미 데이터
-- ==========================
INSERT INTO department (tenant_id, department_name, department_code) VALUES
    ('SEO25NE01', '내과', 'DEPT001'),
    ('SEO25NE01', '정형외과', 'DEPT002'),
    ('SEO25NE01', '피부과', 'DEPT003'),
    ('SEO25W102', '외과', 'DEPT004'),
    ('SEO25W102', '산부인과', 'DEPT005'),
    ('SEO25W102', '소아청소년과', 'DEPT006'),
    ('SEO25ZG03', '신경과', 'DEPT007'),
    ('SEO25ZG03', '흉부외과', 'DEPT008'),
    ('SEO25ZG03', '응급의학과', 'DEPT009'),
    ('SEO25NY04', '내과', 'DEPT010'),
    ('SEO25NY04', '외과', 'DEPT011'),
    ('SEO25NY04', '신경과', 'DEPT012'),
    ('SEO259W05', '소아청소년과', 'DEPT013'),
    ('SEO259W05', '피부과', 'DEPT014'),
    ('SEO259W05', '정형외과', 'DEPT015'),
    ('SEO25KG06', '내과', 'DEPT016'),
    ('SEO25KG06', '신경과', 'DEPT017'),
    ('SEO25KG06', '정신건강의학과', 'DEPT018'),
    ('SEO25D107', '외과', 'DEPT019'),
    ('SEO25D107', '산부인과', 'DEPT020'),
    ('SEO25D107', '피부과', 'DEPT021'),
    ('SEO25JM08', '응급의학과', 'DEPT022'),
    ('SEO25JM08', '비뇨의학과', 'DEPT023'),
    ('SEO25JM08', '소아청소년과', 'DEPT024'),
    ('SEO25LH09', '내과', 'DEPT025'),
    ('SEO25LH09', '흉부외과', 'DEPT026'),
    ('SEO25LH09', '정형외과', 'DEPT027'),
    ('SEO25HG10', '피부과', 'DEPT028'),
    ('SEO25HG10', '외과', 'DEPT029'),
    ('SEO25HG10', '정신건강의학과', 'DEPT030');

-- ==========================
-- AREA 테이블 더미 데이터
-- ==========================
INSERT INTO area (tenant_id, building_id, area_name, area_code) VALUES
    ('SEO25NE01', 1, '수술실', 'A_03_01'),
    ('SEO25NE01', 1, '영상의학센터', 'A_02_02'),
    ('SEO25NE01', 1, '검사실', 'A_02_03'),
    ('SEO25NE01', 1, 'CT실', 'A_02_04'),
    ('SEO25NE01', 1, '영상의학센터', 'A_03_05'),
    ('SEO25NE01', 2, '재활센터', 'B_02_01'),
    ('SEO25NE01', 2, 'MRI실', 'B_03_02'),
    ('SEO25NE01', 2, '병동', 'B_03_03'),
    ('SEO25NE01', 2, '응급실', 'B_02_04'),
    ('SEO25NE01', 2, '병동', 'B_02_05'),
    ('SEO25NE01', 3, '수술실', 'C_03_01'),
    ('SEO25NE01', 3, '입원실', 'C_01_02'),
    ('SEO25NE01', 3, '진료실', 'C_01_03'),
    ('SEO25NE01', 3, '내시경실', 'C_01_04'),
    ('SEO25NE01', 3, '상담실', 'C_01_05'),
    ('SEO25NE01', 3, 'X-ray실', 'C_01_06'),
    ('SEO25W102', 4, 'CT실', 'D_01_01'),
    ('SEO25W102', 4, '진료실', 'D_01_02'),
    ('SEO25W102', 4, '입원실', 'D_01_03'),
    ('SEO25W102', 4, 'CT실', 'D_02_04'),
    ('SEO25W102', 4, '진료실', 'D_02_05'),
    ('SEO25W102', 4, '내시경실', 'D_01_06'),
    ('SEO25W102', 4, '검사실', 'D_02_07'),
    ('SEO25W102', 5, 'MRI실', 'E_03_01'),
    ('SEO25W102', 5, '중환자실', 'E_03_02'),
    ('SEO25W102', 5, '응급실', 'E_03_03'),
    ('SEO25W102', 5, '재활센터', 'E_03_04'),
    ('SEO25W102', 5, 'CT실', 'E_03_05'),
    ('SEO25W102', 5, 'CT실', 'E_03_06'),
    ('SEO25W102', 6, '영상의학센터', 'F_02_01'),
    ('SEO25W102', 6, 'X-ray실', 'F_02_02'),
    ('SEO25W102', 6, '수술실', 'F_02_03'),
    ('SEO25W102', 6, '초음파실', 'F_02_04'),
    ('SEO25W102', 6, '병동', 'F_02_05'),
    ('SEO25W102', 6, '검사실', 'F_02_06'),
    ('SEO25W102', 6, '진료실', 'F_02_07'),
    ('SEO25W102', 6, 'CT실', 'F_02_08'),
    ('SEO25W102', 6, '진료실', 'F_02_09'),
    ('SEO25ZG03', 7, '중환자실', 'G_02_01'),
    ('SEO25ZG03', 7, '상담실', 'G_02_02'),
    ('SEO25ZG03', 7, 'X-ray실', 'G_02_03'),
    ('SEO25ZG03', 7, '상담실', 'G_01_04'),
    ('SEO25ZG03', 7, '입원실', 'G_02_05'),
    ('SEO25ZG03', 7, '영상의학센터', 'G_02_06'),
    ('SEO25ZG03', 7, '입원실', 'G_02_07'),
    ('SEO25ZG03', 8, '중환자실', 'H_02_01'),
    ('SEO25ZG03', 8, 'MRI실', 'H_02_02'),
    ('SEO25ZG03', 8, '초음파실', 'H_02_03'),
    ('SEO25ZG03', 8, 'MRI실', 'H_02_04'),
    ('SEO25ZG03', 8, '수술실', 'H_02_05'),
    ('SEO25ZG03', 8, '응급실', 'H_02_06'),
    ('SEO25ZG03', 8, '초음파실', 'H_02_07'),
    ('SEO25ZG03', 8, '영상의학센터', 'H_02_08'),
    ('SEO25ZG03', 9, '대기실', 'I_02_01'),
    ('SEO25ZG03', 9, '입원실', 'I_03_02'),
    ('SEO25ZG03', 9, '병동', 'I_02_03'),
    ('SEO25ZG03', 9, '진료실', 'I_02_04'),
    ('SEO25ZG03', 9, '수술실', 'I_03_05'),
    ('SEO25NY04', 10, 'CT실', 'J_03_01'),
    ('SEO25NY04', 10, '입원실', 'J_03_02'),
    ('SEO25NY04', 10, 'X-ray실', 'J_03_03'),
    ('SEO25NY04', 10, '재활센터', 'J_03_04'),
    ('SEO25NY04', 10, '중환자실', 'J_03_05'),
    ('SEO25NY04', 10, '응급실', 'J_02_06'),
    ('SEO25NY04', 10, '병동', 'J_03_07'),
    ('SEO25NY04', 11, '내시경실', 'K_02_01'),
    ('SEO25NY04', 11, 'MRI실', 'K_03_02'),
    ('SEO25NY04', 11, '대기실', 'K_03_03'),
    ('SEO25NY04', 11, 'MRI실', 'K_03_04'),
    ('SEO25NY04', 11, 'X-ray실', 'K_03_05'),
    ('SEO259W05', 12, '수술실', 'L_03_01'),
    ('SEO259W05', 12, '상담실', 'L_01_02'),
    ('SEO259W05', 12, 'MRI실', 'L_01_03'),
    ('SEO259W05', 12, '입원실', 'L_03_04'),
    ('SEO259W05', 12, 'X-ray실', 'L_02_05'),
    ('SEO259W05', 12, '재활센터', 'L_01_06'),
    ('SEO259W05', 12, '영상의학센터', 'L_02_07'),
    ('SEO259W05', 12, '영상의학센터', 'L_03_08'),
    ('SEO259W05', 13, '검사실', 'M_03_01'),
    ('SEO259W05', 13, 'MRI실', 'M_01_02'),
    ('SEO259W05', 13, '중환자실', 'M_01_03'),
    ('SEO259W05', 13, 'CT실', 'M_01_04'),
    ('SEO259W05', 13, '내시경실', 'M_01_05'),
    ('SEO259W05', 13, 'CT실', 'M_03_06'),
    ('SEO259W05', 14, '검사실', 'N_02_01'),
    ('SEO259W05', 14, '대기실', 'N_01_02'),
    ('SEO259W05', 14, '병동', 'N_01_03'),
    ('SEO259W05', 14, '상담실', 'N_02_04'),
    ('SEO259W05', 14, '중환자실', 'N_03_05'),
    ('SEO259W05', 14, '영상의학센터', 'N_02_06'),
    ('SEO259W05', 14, '초음파실', 'N_03_07'),
    ('SEO259W05', 14, '내시경실', 'N_03_08'),
    ('SEO259W05', 14, '응급실', 'N_03_09'),
    ('SEO25KG06', 15, 'MRI실', 'O_02_01'),
    ('SEO25KG06', 15, '응급실', 'O_01_02'),
    ('SEO25KG06', 15, '상담실', 'O_01_03'),
    ('SEO25KG06', 15, '중환자실', 'O_03_04'),
    ('SEO25KG06', 15, '입원실', 'O_02_05'),
    ('SEO25KG06', 15, '검사실', 'O_01_06'),
    ('SEO25KG06', 15, '재활센터', 'O_03_07'),
    ('SEO25KG06', 16, '병동', 'P_01_01'),
    ('SEO25KG06', 16, '상담실', 'P_01_02'),
    ('SEO25KG06', 16, '중환자실', 'P_03_03'),
    ('SEO25KG06', 16, '검사실', 'P_01_04'),
    ('SEO25KG06', 16, '검사실', 'P_01_05'),
    ('SEO25KG06', 16, '입원실', 'P_01_06'),
    ('SEO25KG06', 16, '응급실', 'P_03_07'),
    ('SEO25D107', 17, '영상의학센터', 'Q_01_01'),
    ('SEO25D107', 17, '진료실', 'Q_02_02'),
    ('SEO25D107', 17, '영상의학센터', 'Q_01_03'),
    ('SEO25D107', 17, '영상의학센터', 'Q_01_04'),
    ('SEO25D107', 17, 'X-ray실', 'Q_01_05'),
    ('SEO25D107', 17, '초음파실', 'Q_03_06'),
    ('SEO25D107', 17, '상담실', 'Q_02_07'),
    ('SEO25D107', 17, '진료실', 'Q_02_08'),
    ('SEO25D107', 18, '초음파실', 'R_01_01'),
    ('SEO25D107', 18, 'MRI실', 'R_02_02'),
    ('SEO25D107', 18, '채혈실', 'R_01_03'),
    ('SEO25D107', 18, '상담실', 'R_01_04'),
    ('SEO25D107', 18, '초음파실', 'R_01_05'),
    ('SEO25D107', 18, '병동', 'R_02_06'),
    ('SEO25D107', 18, '상담실', 'R_02_07'),
    ('SEO25D107', 18, '상담실', 'R_01_08'),
    ('SEO25D107', 18, '상담실', 'R_01_09'),
    ('SEO25JM08', 19, '중환자실', 'S_01_01'),
    ('SEO25JM08', 19, '내시경실', 'S_01_02'),
    ('SEO25JM08', 19, 'X-ray실', 'S_03_03'),
    ('SEO25JM08', 19, '중환자실', 'S_03_04'),
    ('SEO25JM08', 19, '초음파실', 'S_01_05'),
    ('SEO25JM08', 19, '응급실', 'S_03_06'),
    ('SEO25JM08', 19, '진료실', 'S_01_07'),
    ('SEO25JM08', 20, '재활센터', 'T_02_01'),
    ('SEO25JM08', 20, '상담실', 'T_02_02'),
    ('SEO25JM08', 20, '대기실', 'T_01_03'),
    ('SEO25JM08', 20, '채혈실', 'T_03_04'),
    ('SEO25JM08', 20, 'X-ray실', 'T_03_05'),
    ('SEO25JM08', 20, '중환자실', 'T_01_06'),
    ('SEO25JM08', 20, '초음파실', 'T_01_07'),
    ('SEO25JM08', 20, '재활센터', 'T_01_08'),
    ('SEO25JM08', 20, 'MRI실', 'T_01_09'),
    ('SEO25JM08', 20, '진료실', 'T_03_10'),
    ('SEO25LH09', 21, '입원실', 'U_01_01'),
    ('SEO25LH09', 21, '재활센터', 'U_02_02'),
    ('SEO25LH09', 21, '응급실', 'U_02_03'),
    ('SEO25LH09', 21, '입원실', 'U_01_04'),
    ('SEO25LH09', 21, '대기실', 'U_01_05'),
    ('SEO25LH09', 21, 'CT실', 'U_02_06'),
    ('SEO25LH09', 21, '검사실', 'U_01_07'),
    ('SEO25LH09', 21, '채혈실', 'U_01_08'),
    ('SEO25LH09', 21, '수술실', 'U_01_09'),
    ('SEO25LH09', 22, '채혈실', 'V_01_01'),
    ('SEO25LH09', 22, '중환자실', 'V_01_02'),
    ('SEO25LH09', 22, '영상의학센터', 'V_01_03'),
    ('SEO25LH09', 22, '재활센터', 'V_01_04'),
    ('SEO25LH09', 22, '병동', 'V_01_05'),
    ('SEO25LH09', 22, '내시경실', 'V_01_06'),
    ('SEO25LH09', 22, '초음파실', 'V_01_07'),
    ('SEO25LH09', 23, '초음파실', 'W_01_01'),
    ('SEO25LH09', 23, 'CT실', 'W_02_02'),
    ('SEO25LH09', 23, '상담실', 'W_02_03'),
    ('SEO25LH09', 23, '채혈실', 'W_02_04'),
    ('SEO25LH09', 23, '내시경실', 'W_02_05'),
    ('SEO25LH09', 23, '병동', 'W_01_06'),
    ('SEO25HG10', 24, '채혈실', 'X_02_01'),
    ('SEO25HG10', 24, '재활센터', 'X_02_02'),
    ('SEO25HG10', 24, '중환자실', 'X_02_03'),
    ('SEO25HG10', 24, '상담실', 'X_02_04'),
    ('SEO25HG10', 24, '수술실', 'X_02_05'),
    ('SEO25HG10', 25, '응급실', 'Y_03_01'),
    ('SEO25HG10', 25, '대기실', 'Y_03_02'),
    ('SEO25HG10', 25, '재활센터', 'Y_03_03'),
    ('SEO25HG10', 25, '병동', 'Y_03_04'),
    ('SEO25HG10', 25, '수술실', 'Y_03_05'),
    ('SEO25HG10', 25, '응급실', 'Y_03_06'),
    ('SEO25HG10', 25, '검사실', 'Y_03_07'),
    ('SEO25HG10', 25, '검사실', 'Y_03_08');

-- ==========================
-- HOSPITAL_POLICY 테이블 더미 데이터
-- ==========================
INSERT INTO hospital_policy (hospital_policy_reserve_day_offset, hospital_policy_cutoff_time, hospital_policy_max_guardian_num, tenant_id)
VALUES
    (3, '09:00:00', 1, 'SEO25NE01'),
    (3, '09:00:00', 1, 'SEO25W102'),
    (3, '09:00:00', 1, 'SEO25ZG03'),
    (3, '09:00:00', 1, 'SEO25NY04'),
    (3, '09:00:00', 1, 'SEO259W05'),
    (3, '09:00:00', 1, 'SEO25KG06'),
    (3, '09:00:00', 1, 'SEO25D107'),
    (3, '09:00:00', 1, 'SEO25JM08'),
    (3, '09:00:00', 1, 'SEO25LH09'),
    (3, '09:00:00', 1, 'SEO25HG10');